{
  "type": "log10_length",
  "intercept": 0.545720,
  "slope": 0.043842
}
